,VAN 1,VAN 2,VAN 3,VAN 4,VAN 5,VAN 6,VAN 7,VAN 8,VAN 9,VAN 10,VAN 11,VAN 12,VAN 13,VAN 14,VAN 15,VAN 16,VAN 17,VAN 18,VAN 19,VAN20
0:00:00.000-0:00:00.100,7.60065,1.73374,6.96061,8.64048,25.2141,2.56984,2.02146,8.3442,33.26,3.16281,10.6767,3.03209,5.26822,10.9158,1.60084,1.67864,3.05337,5.2224,7.75394,3.78115
0:00:00.100-0:00:00.200,3.31286,2.97179,11.1076,7.86539,6.52883,0.91761,2.20545,1.39669,28.5467,1.46951,2.95687,1.62681,3.99565,13.3839,2.63469,7.04813,1.96478,1.57004,3.37633,19.0161
0:00:00.200-0:00:00.300,2.46904,3.00727,5.53528,2.19107,2.74149,2.5598,0.61916,1.07004,32.3841,0.601164,4.87032,0.469506,2.03307,2.55362,1.27453,11.7513,1.66136,2.79317,3.95164,5.50973
0:00:00.300-0:00:00.400,1.20322,0.504819,1.05337,0.868337,0.49714,11.347,0.153816,0.373589,NA,1.34044,1.64031,0.503332,0.529315,5.38884,0.383917,2.63797,0.43722,6.89946,0.50485,1.55238
0:00:00.400-0:00:00.500,1.51968,0.382838,0.476032,0.541782,0.685247,10.6568,0.095527,0.119788,NA,1.16095,1.59353,0.403329,0.572531,1.2744,0.621143,0.890711,0.175796,6.40426,0.124749,0.475523
0:00:00.500-0:00:00.600,2.34716,0.552886,0.257477,0.472021,1.47689,5.23353,0.336323,0.158667,NA,0.447316,0.749402,0.318342,0.435533,0.553024,1.8093,1.16298,0.244596,4.79129,0.351135,0.630006
0:00:00.600-0:00:00.700,2.26571,0.809412,0.281069,2.42751,1.23992,6.07197,1.54646,0.0867891,NA,0.57361,0.228738,0.247845,0.375995,0.265397,2.91088,0.803735,0.344145,3.08353,0.260907,0.353243
0:00:00.700-0:00:00.800,1.6661,1.4177,0.216713,3.13506,2.30807,8.58627,1.85238,0.0641831,NA,0.643444,0.191925,2.07395,0.376558,0.115496,2.02127,0.324937,2.62326,1.07326,0.127948,0.187055
0:00:00.800-0:00:00.900,1.27333,1.1549,0.291042,2.82548,3.53306,7.13039,0.776967,0.122766,NA,1.40067,0.354592,3.49225,0.20234,0.0488332,1.73713,0.137052,2.50106,2.27081,0.0897465,0.0537784
0:00:00.900-0:00:01.000,2.25077,1.50155,0.135677,3.95175,6.30475,3.11756,0.622757,0.216075,NA,2.08709,0.131058,2.84251,0.209888,0.0475398,2.16562,0.251378,3.27989,0.925633,0.0383978,0.106247
0:00:01.000-0:00:01.100,1.8017,1.43401,3.05302,2.48626,12.6739,5.54831,0.824254,1.52516,NA,2.1101,0.168688,1.5047,3.9627,0.0587669,1.82625,0.0946822,3.24232,1.25033,0.118765,0.153184
0:00:01.100-0:00:01.200,1.70792,4.94284,13.166,8.05195,9.13926,13.2294,0.523056,6.89044,NA,1.04851,0.0841303,1.1942,9.04945,0.0868641,1.79359,0.128546,2.10033,1.41313,0.133071,0.0602718
0:00:01.200-0:00:01.300,1.52456,3.99362,14.5158,5.91206,4.212,23.2626,0.729413,6.28083,NA,0.567044,0.0838946,1.08423,10.4944,0.0399609,3.15996,0.208873,1.004,2.35743,0.0798755,0.0876609
0:00:01.300-0:00:01.400,0.568005,3.14808,11.4935,2.69144,1.06195,36.618,0.792854,4.22803,NA,0.741215,0.195262,1.07208,12.6586,0.138324,4.18669,0.343975,4.60522,3.27285,0.0806757,0.037822
0:00:01.400-0:00:01.500,0.538665,1.57362,4.92034,0.74761,0.504271,53.3034,0.496966,2.63974,NA,0.895536,1.14028,0.828045,14.6121,0.120745,4.02219,0.13681,18.4236,2.57127,0.995888,0.10064
0:00:01.500-0:00:01.600,0.537447,5.74074,3.1426,0.640436,1.07046,44.1936,0.166369,9.62809,NA,1.62829,2.68312,0.666456,10.4577,0.105776,1.91109,0.231653,11.0499,1.22352,0.952932,1.04402
0:00:01.600-0:00:01.700,2.0603,4.86006,1.54599,2.35739,1.0654,26.5265,0.131921,6.63942,NA,4.15599,3.9059,1.45743,7.20078,0.591072,0.85492,0.19086,4.59454,0.495187,0.472972,0.922464
0:00:01.700-0:00:01.800,1.48846,3.97722,2.04034,4.01251,1.89433,14.3347,0.153431,2.70457,NA,9.82958,6.44708,1.3891,1.58221,1.16852,0.918192,0.160762,0.88989,0.37878,0.537164,0.823964
0:00:01.800-0:00:01.900,0.858308,2.56398,1.37585,7.83148,1.28502,8.88825,0.0972511,0.355207,NA,14.211,7.00711,1.27392,4.78551,3.53705,1.69543,0.537249,0.918409,0.320043,0.535709,1.76208
0:00:01.900-0:00:02.000,0.978581,3.18947,4.26106,9.98686,0.772049,5.87646,0.049312,0.63863,NA,6.6137,5.57968,6.68307,5.54739,3.65678,3.37516,3.27793,1.53493,0.194923,2.05298,2.05602
0:00:02.000-0:00:02.100,0.455676,3.92503,10.8658,6.52456,2.84817,NA,0.0537132,0.479762,NA,2.59792,5.64232,9.45413,2.97595,2.79925,4.13606,2.90237,0.974984,0.136336,1.93846,1.96858
0:00:02.100-0:00:02.200,0.173287,5.57413,10.6654,4.58444,6.68838,NA,0.123103,3.03841,NA,1.81838,7.40033,5.41557,0.731251,1.14664,7.1386,1.4963,0.253021,0.0993504,5.84776,1.14542
0:00:02.200-0:00:02.300,0.24881,12.3887,5.88596,2.52861,12.2258,NA,0.178189,4.33859,NA,2.91629,4.74154,1.90752,1.91678,0.460727,10.4817,0.718158,0.069432,0.0986296,9.42113,1.47972
0:00:02.300-0:00:02.400,0.0979806,26.9608,2.42569,0.891718,8.67547,NA,0.0698716,6.55614,NA,1.7875,2.1306,0.614681,1.35294,0.31705,17.2418,48.3778,0.143962,0.0805773,5.17135,1.2149
0:00:02.400-0:00:02.500,0.0736983,14.73,2.86962,0.468182,3.81566,NA,0.0592083,7.41081,NA,1.36159,0.570705,0.491458,0.536806,0.155831,21.0721,86.9953,0.112873,0.153736,1.94689,0.68985
0:00:02.500-0:00:02.600,0.0367621,6.25997,3.39341,0.586755,0.90811,NA,0.0305799,5.07296,NA,6.90934,1.04634,0.405204,0.303574,0.179956,28.809,56.0357,0.144633,1.26966,0.349396,0.179529
0:00:02.600-0:00:02.700,0.438952,1.70233,5.64701,3.82381,3.70354,NA,0.163104,2.21426,NA,13.1273,6.53455,0.0851333,0.288701,0.319787,25.3173,58.3545,0.244605,2.70263,0.483408,0.260656
0:00:02.700-0:00:02.800,0.997283,1.97697,10.7836,7.80524,12.1664,NA,0.110649,7.28746,NA,15.2463,21.6658,0.0531097,0.164821,0.253402,21.057,0.601427,0.0866572,2.25499,0.454943,0.763293
0:00:02.800-0:00:02.900,0.743782,1.16894,13.7411,7.11912,13.6528,NA,0.36135,7.92265,NA,14.6034,42.9484,0.10438,0.109982,0.231883,16.6455,0.601427,0.0709905,1.50553,0.812858,2.22925
0:00:02.900-0:00:03.000,0.453456,1.02951,13.3206,4.71256,20.8742,NA,2.7087,7.29854,NA,24.1752,53.9928,0.173403,0.198433,0.932839,11.3633,0.601427,0.0707826,5.18794,9.14237,5.59295
0:00:03.000-0:00:03.100,0.23472,0.7043,11.6566,3.7863,17.9037,NA,2.17087,8.5729,NA,23.9155,54.0101,0.111236,1.22546,1.9966,8.7256,0.601433,0.0441402,8.29759,18.1426,3.69093
0:00:03.100-0:00:03.200,0.202123,0.756927,2.61187,3.67563,12.3485,NA,0.434291,10.2458,NA,7.23306,51.5654,0.32922,3.84218,1.71638,13.7182,0.601427,0.053134,10.0268,17.8471,6.50893
0:00:03.200-0:00:03.300,0.318936,0.524649,2.31773,10.0664,9.54283,NA,0.851516,13.4625,NA,1.77688,36.9568,0.886382,5.65065,0.822929,15.6495,0.761472,0.117975,4.30399,17.5032,6.25994
0:00:03.300-0:00:03.400,0.267806,0.333987,2.05787,9.67809,3.62531,NA,2.16001,6.3781,NA,2.70371,30.0484,2.76688,5.15247,0.560631,20.2533,0.841492,0.16974,1.0037,11.207,2.74649
0:00:03.400-0:00:03.500,0.117822,0.21125,1.45249,4.51385,1.57443,NA,2.18879,1.81255,NA,3.90204,23.2588,2.93287,2.48127,1.24703,25.8546,0.841492,0.125254,0.531828,3.48781,0.52322
0:00:03.500-0:00:03.600,0.183493,0.836083,1.24325,1.57707,0.920334,NA,1.05987,0.523351,NA,9.60983,22.5862,2.9009,1.31736,1.21241,23.09,0.809505,0.0679584,3.03068,0.67307,0.382261
0:00:03.600-0:00:03.700,0.625352,0.870328,0.991955,4.85274,0.632977,NA,1.35675,0.536567,NA,13.8668,NA,2.01333,1.6543,1.23967,NA,0.74553,0.186795,4.06059,1.32742,0.442463
0:00:03.700-0:00:03.800,1.16406,0.946096,0.7763,15.9523,13.9887,NA,1.76984,2.10156,NA,10.2113,NA,1.66171,2.63441,3.0364,NA,0.74553,0.846037,2.0079,1.11427,1.95775
0:00:03.800-0:00:03.900,1.37196,0.187072,1.30325,24.0853,20.0199,NA,1.38972,6.5036,NA,2.80583,NA,2.48433,3.57617,2.41004,NA,0.74553,1.90674,4.50761,0.674957,4.38592
0:00:03.900-0:00:04.000,0.748973,0.0827463,0.9895,26.9612,20.0199,NA,0.773236,3.78641,NA,1.64048,NA,7.21786,2.99715,2.99654,NA,0.74553,7.11898,6.80653,0.199319,2.47421
0:00:04.000-0:00:04.100,0.744006,0.34094,0.776301,25.9221,20.0201,NA,2.66052,10.4606,NA,8.77562,NA,12.0903,2.44342,5.37278,NA,0.814307,8.35238,4.65934,0.101069,0.754665
0:00:04.100-0:00:04.200,0.786844,0.663518,0.677054,24.2336,20.0199,NA,2.91871,15.0629,NA,12.7821,NA,11.8739,1.88595,8.64511,NA,0.848683,5.2331,1.18764,1.66553,0.574265
0:00:04.200-0:00:04.300,0.677953,2.86827,3.53901,21.8431,20.0199,NA,2.13777,22.3391,NA,6.41475,NA,11.9482,1.3233,6.30771,NA,0.848683,2.31845,1.24499,0.367943,0.61863
0:00:04.300-0:00:04.400,0.409634,11.1693,2.59971,12.2144,20.0199,NA,1.09015,15.5396,NA,3.66158,NA,17.2073,1.3784,2.58294,NA,0.848683,2.14999,0.645246,0.555105,0.422284
0:00:04.400-0:00:04.500,0.230712,40.4595,2.66344,5.23221,20.0199,NA,2.34473,6.00698,NA,1.59297,NA,6.63596,1.40734,1.73735,NA,3.08224,1.92182,0.469329,0.45033,0.715543
0:00:04.500-0:00:04.600,0.182298,63.1148,2.18287,1.12839,16.4171,NA,2.01296,0.955247,NA,1.04792,NA,1.45543,0.984717,1.23211,NA,3.08224,0.75983,0.150071,0.169493,0.256635
0:00:04.600-0:00:04.700,0.222512,50.36,1.81639,1.43338,14.6157,NA,0.679331,1.15949,NA,0.735393,NA,1.30174,2.20215,0.885554,NA,1.96658,2.69845,2.09706,0.0720831,0.0947015
0:00:04.700-0:00:04.800,0.53126,NA,1.46665,3.99704,14.6157,NA,0.786787,2.06258,NA,0.912601,NA,4.5226,10.836,0.969056,NA,0.547176,2.46094,2.30519,1.00879,0.0741617
0:00:04.800-0:00:04.900,0.913624,NA,0.705323,7.18431,7.25399,NA,2.10458,6.32504,NA,0.874001,NA,10.8003,7.32907,0.692888,NA,0.510251,1.46251,2.47744,1.84828,0.0661735
0:00:04.900-0:00:05.000,0.263846,NA,1.4844,13.7369,3.83188,NA,4.34033,8.47863,NA,0.929551,NA,11.7506,6.35721,0.499272,NA,0.283326,0.408601,0.948037,1.76354,0.391233
0:00:05.000-0:00:05.100,0.413107,NA,1.08475,20.5193,3.63636,NA,3.11105,9.88736,NA,6.61771,NA,14.0558,21.9166,0.198182,NA,0.176647,0.1518,1.72485,1.10232,0.132405
0:00:05.100-0:00:05.200,0.210165,NA,0.605916,13.0809,5.43796,NA,2.91126,12.6344,NA,14.6468,NA,15.484,22.6414,0.110119,NA,0.0853727,0.316878,3.51542,0.40895,0.0649782
0:00:05.200-0:00:05.300,0.192315,NA,0.23662,5.00417,6.5547,NA,1.7441,17.7205,NA,10.0146,NA,8.10046,16.4917,0.0889767,NA,0.0814704,0.273821,1.3334,0.140521,0.109345
0:00:05.300-0:00:05.400,0.244514,NA,0.477622,3.37254,5.2329,NA,0.623182,20.8106,NA,6.36396,NA,3.70826,17.9952,0.302266,NA,0.143035,0.162213,1.30874,0.248044,0.0695268
0:00:05.400-0:00:05.500,0.418159,NA,0.221214,5.16485,2.1603,NA,0.531863,13.1793,NA,2.7505,NA,7.45219,18.2218,0.240301,NA,0.0852366,0.135948,0.983821,0.30201,0.117657
0:00:05.500-0:00:05.600,0.146631,NA,0.17863,5.0042,0.609089,NA,0.347889,5.43074,NA,0.70867,NA,4.59455,14.3818,0.0922772,NA,0.0580069,0.168811,0.602201,0.122334,0.0908749
0:00:05.600-0:00:05.700,0.348692,NA,0.156695,5.72603,0.2686,NA,0.195484,6.13407,NA,2.02797,NA,2.54372,11.6708,0.786686,NA,0.101027,0.168274,0.198493,0.960492,0.0730975
0:00:05.700-0:00:05.800,1.27041,NA,0.156844,7.29893,0.292896,NA,0.5431,13.7223,NA,4.64781,NA,0.516303,16.9962,0.796307,NA,0.221374,0.15494,0.807624,3.23019,0.0939001
0:00:05.800-0:00:05.900,1.22625,NA,0.146823,14.2802,2.26347,NA,0.436534,8.63882,NA,4.25997,NA,0.326375,6.10059,0.391038,NA,0.317402,0.229235,0.654512,2.08776,0.158563
0:00:05.900-0:00:06.000,0.636025,NA,1.59523,18.101,3.90337,NA,0.781852,8.19245,NA,2.53302,NA,0.352803,4.04112,0.322819,NA,0.166588,0.178594,1.2399,0.620196,4.05635
0:00:06.000-0:00:06.100,0.205523,NA,4.86741,14.944,3.11165,NA,0.565805,10.9845,NA,1.75048,NA,0.153138,2.81761,0.17052,NA,0.190608,0.0912888,5.60006,0.524257,4.11347
0:00:06.100-0:00:06.200,0.139323,NA,3.9644,14.1826,1.02004,NA,0.388835,35.4389,NA,2.41858,NA,0.0966587,5.48009,0.972095,NA,0.0948239,0.144028,2.78563,1.38744,5.37888
0:00:06.200-0:00:06.300,0.160617,NA,1.60268,5.29159,2.38482,NA,0.580309,NA,NA,2.44939,NA,0.126999,5.19864,2.64877,NA,0.0360518,0.707279,1.9739,1.28192,4.34942
0:00:06.300-0:00:06.400,0.199698,NA,0.403114,2.35765,7.19783,NA,2.29452,NA,NA,2.10811,NA,0.236562,4.68499,3.58567,NA,0.102013,1.64018,5.00479,1.15523,2.23031
0:00:06.400-0:00:06.500,0.627497,NA,0.387356,2.30364,5.80365,NA,3.79286,NA,NA,2.39588,NA,0.135689,4.41243,2.15141,NA,0.346408,2.52199,12.8792,0.418524,0.572027
0:00:06.500-0:00:06.600,0.406717,NA,0.529895,2.15773,2.78112,NA,1.73416,NA,NA,2.11663,NA,0.21218,6.0828,1.06071,NA,0.244444,1.79898,4.3471,0.133576,0.438047
0:00:06.600-0:00:06.700,0.453338,NA,0.207648,4.07506,0.947664,NA,0.876764,NA,NA,0.858119,NA,0.616279,5.49792,0.641783,NA,0.133576,0.8429,1.64119,0.116072,0.419114
0:00:06.700-0:00:06.800,2.22924,NA,0.137501,4.75568,0.383732,NA,0.221944,NA,NA,1.0042,NA,1.54369,4.29419,0.893969,NA,0.0315654,0.257615,0.520545,0.109471,1.15469
0:00:06.800-0:00:06.900,4.27507,NA,0.241004,3.16795,0.382819,NA,0.723727,NA,NA,2.18284,NA,1.01342,3.15219,0.741958,NA,0.186702,0.120544,1.23415,0.207814,3.92033
0:00:06.900-0:00:07.000,3.80413,NA,0.201228,1.02318,0.237097,NA,1.74338,NA,NA,2.65575,NA,1.03634,2.32049,1.40487,NA,0.225709,0.129907,10.9877,0.144254,2.29368
0:00:07.000-0:00:07.100,3.06992,NA,1.49636,0.2317,0.122507,NA,1.76043,NA,NA,1.55507,NA,2.89663,3.47521,0.998567,NA,0.0961974,2.99755,14.1488,0.0583563,1.16965
0:00:07.100-0:00:07.200,2.77218,NA,3.5094,0.306996,0.0771306,NA,0.878817,NA,NA,1.25798,NA,6.93815,10.2258,2.17311,NA,0.1683,1.67457,20.0671,0.0884033,0.29201
0:00:07.200-0:00:07.300,25.769,NA,3.37421,0.263428,0.0570078,NA,0.9156,NA,NA,1.31044,NA,3.67566,12.0393,2.51612,NA,0.0853266,0.993582,25.1134,0.726847,0.181395
0:00:07.300-0:00:07.400,NA,NA,2.69124,1.46947,2.34918,NA,2.17754,NA,NA,0.773416,NA,0.884175,5.8686,2.50146,NA,0.170222,0.202671,17.9104,2.34662,0.285012
0:00:07.400-0:00:07.500,NA,NA,10.3881,0.788229,3.81411,NA,1.95409,NA,NA,0.825754,NA,2.14686,8.0003,1.69246,NA,0.122458,0.721835,8.01847,0.710494,0.268759
0:00:07.500-0:00:07.600,NA,NA,11.0187,0.201691,5.43548,NA,1.04164,NA,NA,1.64513,NA,1.49419,9.16259,0.718112,NA,0.220309,0.720536,1.79416,0.305459,0.197664
0:00:07.600-0:00:07.700,NA,NA,9.30878,0.247822,1.78479,NA,0.364992,NA,NA,1.6462,NA,0.634795,10.7737,1.19111,NA,0.19059,0.250112,1.18879,0.239717,0.132603
0:00:07.700-0:00:07.800,NA,NA,3.00863,0.199502,5.02045,NA,0.180973,NA,NA,1.20436,NA,0.200399,NA,3.30613,NA,0.108693,0.0665428,1.47862,0.134581,0.095905
0:00:07.800-0:00:07.900,NA,NA,4.85399,0.274967,4.17336,NA,0.479249,NA,NA,0.933662,NA,0.191966,NA,13.7037,NA,0.0771642,0.14663,4.19863,0.442678,0.181049
0:00:07.900-0:00:08.000,NA,NA,1.36625,1.14314,4.17336,NA,0.395963,NA,NA,0.902115,NA,0.247875,NA,13.4486,NA,0.199407,0.161508,12.2136,1.03145,0.168968
0:00:08.000-0:00:08.100,NA,NA,0.768557,4.10892,4.1734,NA,2.04426,NA,NA,7.41528,NA,0.141813,NA,6.28413,NA,0.0800967,0.104996,8.61912,0.687085,0.101143
0:00:08.100-0:00:08.200,NA,NA,2.87346,8.48754,4.17336,NA,1.38528,NA,NA,8.44045,NA,0.0554628,NA,1.31516,NA,0.0604415,0.137719,6.97278,0.524608,0.0402702
0:00:08.200-0:00:08.300,NA,NA,3.4177,11.2833,1.36036,NA,0.918379,NA,NA,3.13219,NA,0.361569,NA,1.0698,NA,0.0917394,0.166983,9.14134,1.4712,0.0212217
0:00:08.300-0:00:08.400,NA,NA,2.11118,6.47855,0.40648,NA,2.11967,NA,NA,4.68919,NA,1.19399,NA,1.25587,NA,0.147626,0.0706948,9.75988,5.0721,0.111784
0:00:08.400-0:00:08.500,NA,NA,2.16778,1.43688,6.17576,NA,2.74084,NA,NA,3.96147,NA,0.995295,NA,0.634161,NA,0.125838,0.405603,7.87618,5.11961,0.154393
0:00:08.500-0:00:08.600,NA,NA,1.54568,1.1874,10.1054,NA,2.41733,NA,NA,3.97742,NA,0.658249,NA,0.409532,NA,0.0821428,0.417974,2.91948,2.90381,0.1302
0:00:08.600-0:00:08.700,NA,NA,0.823349,1.21869,5.35473,NA,3.72947,NA,NA,4.08018,NA,0.219883,NA,0.135308,NA,0.202393,0.318444,0.595795,1.21764,0.164369
0:00:08.700-0:00:08.800,NA,NA,2.78819,1.23182,5.31293,NA,2.34096,NA,NA,1.97484,NA,0.0865211,NA,0.130727,NA,0.127892,0.113016,0.636662,0.267122,0.151891
0:00:08.800-0:00:08.900,NA,NA,1.89151,2.6133,5.07566,NA,2.18295,NA,NA,1.14594,NA,0.119416,NA,1.32476,NA,0.0814621,1.96285,0.59947,0.258103,4.31552
0:00:08.900-0:00:09.000,NA,NA,4.06077,4.9356,5.24914,NA,4.40284,NA,NA,1.18424,NA,0.289778,NA,0.750256,NA,0.119263,0.900001,0.396498,0.422462,3.18415
0:00:09.000-0:00:09.100,NA,NA,4.86219,9.62912,2.85458,NA,7.46867,NA,NA,1.17703,NA,0.410475,NA,0.239115,NA,0.0975523,2.00644,0.215532,0.536124,1.56027
0:00:09.100-0:00:09.200,NA,NA,3.48279,9.65799,1.74501,NA,6.44521,NA,NA,0.368463,NA,0.917616,NA,0.856603,NA,0.111327,2.61191,0.0607687,1.16351,1.93352
0:00:09.200-0:00:09.300,NA,NA,1.80544,18.6065,3.27943,NA,6.47893,NA,NA,0.208604,NA,1.80577,NA,1.94112,NA,0.0758253,1.51787,0.0558327,0.390389,3.96723
0:00:09.300-0:00:09.400,NA,NA,0.680364,20.7088,1.15778,NA,3.2703,NA,NA,0.192498,NA,2.01903,NA,1.91846,NA,0.0281018,1.26089,0.0329786,0.278352,3.89158
0:00:09.400-0:00:09.500,NA,NA,3.40378,17.9118,0.418249,NA,3.35161,NA,NA,0.181535,NA,1.57007,NA,1.44924,NA,0.00829201,8.63392,0.0235466,0.11407,3.76291
0:00:09.500-0:00:09.600,NA,NA,18.2183,14.301,0.537847,NA,10.3557,NA,NA,0.193798,NA,4.09569,NA,1.70867,NA,0.151535,20.6519,0.153462,0.239214,2.9834
0:00:09.600-0:00:09.700,NA,NA,26.6017,4.89704,0.31986,NA,10.6984,NA,NA,0.0951103,NA,2.72085,NA,1.16068,NA,0.106707,29.3669,0.165497,0.346853,1.4124
0:00:09.700-0:00:09.800,NA,NA,16.6287,7.51721,0.215961,NA,4.04273,NA,NA,0.134328,NA,1.50422,NA,0.255114,NA,0.0710116,27.0825,0.0910114,1.9336,0.500138
0:00:09.800-0:00:09.900,NA,NA,3.71807,NA,0.0724574,NA,0.832785,NA,NA,0.912121,NA,0.961306,NA,0.520595,NA,0.175042,20.1382,0.0726057,8.15896,0.384883
0:00:09.900-0:00:10.000,NA,NA,7.82977,NA,0.890912,NA,4.12252,NA,NA,2.47844,NA,2.73135,NA,0.685331,NA,0.191781,14.9955,0.21299,5.28686,0.459868
0:00:10.000-0:00:10.100,NA,NA,23.2269,NA,0.408591,NA,9.51393,NA,NA,5.04911,NA,1.60822,NA,0.485657,NA,0.11857,5.24406,0.140797,6.29582,0.319269
0:00:10.100-0:00:10.200,NA,NA,29.7636,NA,0.323072,NA,1.89326,NA,NA,1.94966,NA,1.80098,NA,0.659377,NA,0.11743,4.89535,0.0995565,6.01095,0.248539
0:00:10.200-0:00:10.300,NA,NA,17.8808,NA,0.11185,NA,4.60061,NA,NA,8.65677,NA,1.42171,NA,1.75127,NA,0.0805477,3.66945,0.095658,5.47312,0.046685
0:00:10.300-0:00:10.400,NA,NA,11.873,NA,0.190774,NA,12.6977,NA,NA,16.6151,NA,2.0788,NA,2.3954,NA,0.178366,4.07948,0.0486518,8.00843,0.164314
0:00:10.400-0:00:10.500,NA,NA,14.828,NA,0.110628,NA,16.2085,NA,NA,22.0301,NA,3.98591,NA,1.59965,NA,0.152888,2.90398,0.0297633,20.3431,0.316336
0:00:10.500-0:00:10.600,NA,NA,31.6373,NA,0.484668,NA,18.2949,NA,NA,22.1046,NA,4.63886,NA,1.80267,NA,0.18899,2.4704,0.0198728,30.2922,0.0848748
0:00:10.600-0:00:10.700,NA,NA,37.5059,NA,0.315843,NA,19.9712,NA,NA,22.0763,NA,4.67393,NA,2.66698,NA,0.153624,2.58307,0.115527,31.6205,0.289919
0:00:10.700-0:00:10.800,NA,NA,26.1441,NA,0.226962,NA,12.7259,NA,NA,16.6036,NA,2.57982,NA,2.22611,NA,0.15821,1.53838,0.105012,15.5052,0.246874
0:00:10.800-0:00:10.900,NA,NA,23.4767,NA,0.598046,NA,6.97132,NA,NA,5.92691,NA,0.831997,NA,1.93225,NA,0.0871785,0.438001,0.0659339,10.0551,0.572827
0:00:10.900-0:00:11.000,NA,NA,29.2513,NA,0.612208,NA,6.55182,NA,NA,1.84713,NA,1.75204,NA,3.17466,NA,0.0639603,2.36795,0.619667,4.79818,1.62431
0:00:11.000-0:00:11.100,NA,NA,29.2718,NA,0.684059,NA,4.98015,NA,NA,13.1163,NA,0.503296,NA,11.3305,NA,0.184908,7.72129,0.612404,2.17377,0.495545
0:00:11.100-0:00:11.200,NA,NA,23.2372,NA,0.427724,NA,3.84517,NA,NA,16.1716,NA,0.237463,NA,6.10093,NA,0.122168,6.22993,0.80078,0.689089,0.630772
0:00:11.200-0:00:11.300,NA,NA,19.8599,NA,0.27983,NA,2.17212,NA,NA,15.4271,NA,1.97743,NA,3.95767,NA,0.0854942,2.75645,1.37699,0.760534,1.14753
0:00:11.300-0:00:11.400,NA,NA,15.4498,NA,2.39933,NA,7.48386,NA,NA,10.9023,NA,3.4941,NA,5.41719,NA,0.267094,10.0487,0.307001,0.548722,0.74167
0:00:11.400-0:00:11.500,NA,NA,13.6953,NA,10.1484,NA,4.59914,NA,NA,9.68392,NA,1.71234,NA,4.42039,NA,0.100156,12.9921,0.469994,0.273911,0.0359019
0:00:11.500-0:00:11.600,NA,NA,NA,NA,7.29538,NA,8.01517,NA,NA,14.8011,NA,3.80772,NA,3.20424,NA,0.0246133,9.30647,1.75869,0.120479,0.159595
0:00:11.600-0:00:11.700,NA,NA,NA,NA,7.29538,NA,12.2575,NA,NA,17.1208,NA,10.5961,NA,7.42919,NA,0.028944,5.07146,2.19764,0.129131,0.528223
0:00:11.700-0:00:11.800,NA,NA,NA,NA,7.29538,NA,6.53346,NA,NA,14.003,NA,12.8334,NA,5.54378,NA,0.121503,7.36719,1.29487,0.15411,0.154197
0:00:11.800-0:00:11.900,NA,NA,NA,NA,7.29538,NA,1.91613,NA,NA,11.1121,NA,6.06336,NA,2.50308,NA,0.0833893,7.35794,0.797257,0.116333,0.0740333
0:00:11.900-0:00:12.000,NA,NA,NA,NA,7.29538,NA,3.82096,NA,NA,NA,NA,1.76841,NA,0.484136,NA,0.123509,5.94816,0.525277,0.294336,0.0551291
0:00:12.000-0:00:12.100,NA,NA,NA,NA,7.29545,NA,2.4203,NA,NA,NA,NA,0.629407,NA,0.19434,NA,0.109388,2.4186,0.248953,1.3505,0.181711
0:00:12.100-0:00:12.200,NA,NA,NA,NA,7.29538,NA,7.25315,NA,NA,NA,NA,0.972842,NA,0.408414,NA,0.140053,1.66956,1.7367,0.251752,0.153476
0:00:12.200-0:00:12.300,NA,NA,NA,NA,7.29538,NA,23.5168,NA,NA,NA,NA,0.774389,NA,13.3739,NA,0.17271,3.57069,1.68954,0.358858,0.291725
0:00:12.300-0:00:12.400,NA,NA,NA,NA,7.29538,NA,28.3443,NA,NA,NA,NA,0.265835,NA,9.60367,NA,0.0968704,4.69911,2.61064,1.05448,0.10056
0:00:12.400-0:00:12.500,NA,NA,NA,NA,7.29538,NA,26.3745,NA,NA,NA,NA,0.123022,NA,4.49429,NA,0.0588057,4.20121,1.74964,0.286659,0.0762583
0:00:12.500-0:00:12.600,NA,NA,NA,NA,7.29538,NA,21.5748,NA,NA,NA,NA,8.84263,NA,1.46524,NA,0.110398,2.70578,2.13025,0.593685,0.0407242
0:00:12.600-0:00:12.700,NA,NA,NA,NA,7.29538,NA,12.0737,NA,NA,NA,NA,20.4065,NA,0.527049,NA,0.0547144,2.07194,1.48839,0.347289,0.236677
0:00:12.700-0:00:12.800,NA,NA,NA,NA,7.29538,NA,3.27967,NA,NA,NA,NA,24.4146,6.9001,0.704327,NA,0.349275,1.71831,0.897142,0.21144,0.216621
0:00:12.800-0:00:12.900,NA,NA,NA,NA,7.29538,NA,3.13266,NA,NA,NA,NA,29.5804,3.06751,0.516227,NA,0.209507,0.723428,0.234611,0.750709,0.172842
0:00:12.900-0:00:13.000,NA,NA,NA,NA,7.29538,NA,3.65281,NA,NA,NA,NA,34.0807,1.01124,0.566846,NA,0.042601,0.254491,0.0837843,0.622139,0.199517
0:00:13.000-0:00:13.100,NA,NA,NA,NA,7.29545,NA,2.41435,NA,NA,NA,NA,33.2117,0.635238,0.141404,NA,0.0807421,0.222357,0.105505,0.48063,0.0757328
0:00:13.100-0:00:13.200,NA,NA,NA,NA,7.29538,NA,2.74511,NA,NA,NA,NA,32.3211,1.78432,0.315728,NA,0.0827166,0.32418,0.451788,0.738052,1.57768
0:00:13.200-0:00:13.300,NA,NA,NA,NA,7.29538,NA,7.09403,NA,NA,NA,NA,22.4085,2.4888,0.765471,NA,0.0456419,0.217932,0.212001,0.357595,2.48608
0:00:13.300-0:00:13.400,NA,NA,NA,NA,7.29538,NA,12.6316,NA,NA,NA,NA,23.2092,4.34599,1.81434,NA,0.0969769,0.0916963,0.353091,0.334243,1.18735
0:00:13.400-0:00:13.500,NA,NA,NA,NA,7.29538,NA,12.6762,NA,NA,NA,NA,21.2821,2.79805,1.5692,NA,0.0669169,0.11321,0.172493,0.247195,5.39478
0:00:13.500-0:00:13.600,NA,NA,NA,NA,4.53571,NA,NA,NA,NA,NA,NA,NA,0.901121,1.41732,NA,0.0293702,0.0644491,0.127162,0.14801,6.43092
0:00:13.600-0:00:13.700,NA,NA,NA,NA,4.53571,NA,NA,NA,NA,NA,NA,NA,2.14643,0.570123,NA,0.0379588,0.185681,0.185013,0.0564129,8.66811
0:00:13.700-0:00:13.800,NA,NA,NA,NA,7.35837,NA,NA,NA,NA,NA,NA,NA,3.09198,0.448322,NA,0.133903,0.173693,0.121992,0.759414,7.07671
0:00:13.800-0:00:13.900,NA,NA,NA,NA,2.35411,NA,NA,NA,NA,NA,NA,NA,2.621,0.918586,NA,0.330055,0.119212,0.259251,0.571255,3.32753
0:00:13.900-0:00:14.000,NA,NA,NA,NA,0.28726,NA,NA,NA,NA,NA,NA,NA,1.17995,0.307441,NA,0,0.0815536,0.242612,0.340695,0.760441
0:00:14.000-0:00:14.100,NA,NA,NA,NA,0.612323,NA,NA,NA,NA,NA,NA,NA,0.875065,1.76917,NA,0.0194314,0.115115,0.0962503,0.359198,0.341432
0:00:14.100-0:00:14.200,NA,NA,NA,NA,0.12249,NA,NA,NA,NA,NA,NA,NA,1.97118,3.50906,NA,0.164493,0.059634,0.484294,1.6515,0.927307
0:00:14.200-0:00:14.300,NA,NA,NA,NA,1.03669,NA,NA,NA,NA,NA,NA,NA,2.05173,5.18563,NA,0.0830135,0.143491,1.50235,0.884368,4.84636
0:00:14.300-0:00:14.400,NA,NA,NA,NA,1.80823,NA,NA,NA,NA,NA,NA,NA,1.12896,2.50234,NA,0.114574,0.113681,2.28662,0.707885,1.36339
0:00:14.400-0:00:14.500,NA,NA,NA,NA,1.80732,NA,NA,NA,NA,NA,NA,NA,0.416695,1.13864,NA,0.0965054,1.96483,2.70098,1.26485,0.655328
0:00:14.500-0:00:14.600,NA,NA,NA,NA,3.12914,NA,NA,NA,NA,NA,NA,NA,0.367892,5.62334,NA,0.0897507,2.86362,2.23086,0.994395,0.778547
0:00:14.600-0:00:14.700,NA,NA,NA,NA,1.179,NA,NA,NA,NA,NA,NA,NA,1.09584,7.45473,NA,0.0502572,2.22221,1.52882,0.428271,0.236104
0:00:14.700-0:00:14.800,NA,NA,NA,NA,0.782647,NA,NA,NA,NA,NA,NA,NA,2.13059,4.97225,NA,0.0502572,3.03916,0.332021,0.0991538,0.120583
0:00:14.800-0:00:14.900,NA,NA,NA,NA,2.39113,NA,NA,NA,NA,NA,NA,NA,1.40456,2.72928,NA,0.229969,2.07872,0.1241,0.17469,0.2499
0:00:14.900-0:00:15.000,NA,NA,NA,NA,3.40119,NA,NA,NA,NA,NA,NA,NA,3.65503,0.857777,NA,0.119801,0.78259,0.151057,0.137849,0.356848